title,link,source,topic
Efek Resesi Negara Maju Permintaan Ekspor RI Mulai Turun ,https://www.cnbcindonesia.com/news/20221010104207-8-378433/efek-resesi-negara-maju-permintaan-ekspor-ri-mulai-turun,CNBC Indonesia,Ekonomi
Indonesia Didorong Jadi Harapan untuk Negara yang Terdampak Resesi ,https://kumparan.com/tugujogja/indonesia-didorong-jadi-harapan-untuk-negara-yang-terdampak-resesi-1z4X4ZLuara,kumparan.com - kumparan.com,Ekonomi
Negara Terancam Resesi Harta Orang Kayanya Malah Melambung ,https://www.cnbcindonesia.com/market/20221013202955-17-379612/negara-terancam-resesi-harta-orang-kayanya-malah-melambung,CNBC Indonesia,Ekonomi
Jarak Bromo ke Surabaya dengan Berbagai Kendaraan ,https://kumparan.com/jendela-dunia/jarak-bromo-ke-surabaya-dengan-berbagai-kendaraan-1z3RdPIO4Nd,kumparan.com - kumparan.com,Pariwisata
Aktivitas Gunung Bromo Stabil Meski Semeru Erupsi ,https://news.detik.com/berita-jawa-timur/d-5840618/aktivitas-gunung-bromo-stabil-meski-semeru-erupsi,detikNews,Pariwisata
Sukses Digelar Jazz Gunung Bromo 2022 Dorong Ekonomi Pariwisata ,https://infobanknews.com/sukses-digelar-jazz-gunung-bromo-2022-dorong-ekonomi-pariwisata/,Infobanknews,Pariwisata
Resesi Ekonomi Global Makin Nyata RI Aman Nggak Ya ,https://finance.detik.com/berita-ekonomi-bisnis/d-6306139/resesi-ekonomi-global-makin-nyata-ri-aman-nggak-ya,detikFinance,Ekonomi
Bukan Krisis atau Resesi Ini Bakal Bikin Emas Melesat Lagi ,https://www.cnbcindonesia.com/market/20221018080502-17-380463/bukan-krisis-atau-resesi-ini-bakal-bikin-emas-melesat-lagi,CNBC Indonesia,Ekonomi
Menkop Bicara Dampak Resesi Ekonomi Dunia Terhadap UKM ,https://www.detik.com/jabar/bisnis/d-6351505/menkop-bicara-dampak-resesi-ekonomi-dunia-terhadap-ukm,detikcom,Ekonomi
Harga Tiket Masuk Wisata Gunung Bromo 2022 hingga Cara Bookingnya ,https://fame.grid.id/read/463378207/harga-tiket-masuk-wisata-gunung-bromo-2022-hingga-cara-bookingnya?page=all,Gridfame,Pariwisata
Wisata Gunung Bromo Tetap Buka Saat Libur Tahun Baru Simak Syarat Masuknya ,https://www.liputan6.com/lifestyle/read/4839607/wisata-gunung-bromo-tetap-buka-saat-libur-tahun-baru-simak-syarat-masuknya,Liputan6.com,Pariwisata
Hadapi Resesi 2023 Simak Cara Meracik Dana Darurat agar Tetap Tenang ,https://money.kompas.com/read/2022/10/15/075412726/hadapi-resesi-2023-simak-cara-meracik-dana-darurat-agar-tetap-tenang?page=all,Kompas.com - Kompas.com,Ekonomi
Menteri PANRB Minta ASN Siap,https://nasional.kontan.co.id/news/menteri-panrb-minta-asn-siap-siap-hadapi-resesi-ekonomi-global,Internasional Kontan,Ekonomi
Ini 8 Bursa Saham Kebal Resesi Nomor 6 Bikin Kaget ,https://www.cnbcindonesia.com/market/20221011214936-17-378984/ini-8-bursa-saham-kebal-resesi-nomor-6-bikin-kaget,CNBC Indonesia,Ekonomi
Rekomendasi hotel dekat Gunung Bromo dijamin anti telat sunrise ,https://www.agtvnews.com/wisata-hiburan/pr-585204590/rekomendasi-hotel-dekat-gunung-bromo-dijamin-anti-telat-sunrise,Agtv News - AGTV News,Pariwisata
Pemobil di Kota Malang Ditodong Cutter Pengamen gegara Tak Beri Uang ,https://www.detik.com/jatim/berita/d-6352696/pemobil-di-kota-malang-ditodong-cutter-pengamen-gegara-tak-beri-uang,detikcom,Pariwisata
8 Wisata Bromo Terpopuler dan Wajib Dikunjungi Jangan Sampai Kelewatan  merdeka ,https://www.merdeka.com/jatim/8-wisata-bromo-terpopuler-dan-wajib-dikunjungi-jangan-sampai-kelewatan-kln.html,Merdeka.com,Pariwisata
Wajib Tahu Jurus Amankan Rupiah Jika Resesi Sampai Terjadi ,https://www.cnbcindonesia.com/market/20221004081517-17-376962/wajib-tahu-jurus-amankan-rupiah-jika-resesi-sampai-terjadi,CNBC Indonesia,Ekonomi
Video Viral Wisatawan Gunung Bromo Diminta Rp 50000 Usai Ambil Video Kuda ,https://www.kompas.com/tren/read/2022/06/21/070000965/video-viral-wisatawan-gunung-bromo-diminta-rp-50000-usai-ambil-video-kuda?page=all,Kompas.com - KOMPAS.com,Pariwisata
Ancaman Resesi Global Harga Minyak Dunia 2023 Jadi Berapa ,https://economy.okezone.com/read/2022/10/18/320/2689211/ancaman-resesi-global-harga-minyak-dunia-2023-jadi-berapa,Okezone Economy,Ekonomi
Gelap Begini Kira,https://www.cnbcindonesia.com/news/20221010184542-16-378629/gelap-begini-kira-kira-yang-terjadi-saat-dunia-resesi,CNBC Indonesia,Ekonomi
Dibayangi Resesi Ciputra CTRA Pede Pasar Properti Terkendali ,https://ekonomi.bisnis.com/read/20221018/47/1588557/dibayangi-resesi-ciputra-ctra-pede-pasar-properti-terkendali,Bisnis.com,Ekonomi
APPBI Sebut Dampak Resesi Akan Minim terhadap Pusat Perbelanjaan di Indonesia ,https://bisnis.tempo.co/read/1644841/appbi-sebut-dampak-resesi-akan-minim-terhadap-pusat-perbelanjaan-di-indonesia,Bisnis Tempo.co,Ekonomi
Resesi Mengancam Perhatikan Ini Kalau Mau Investasi ,https://www.cnbcindonesia.com/market/20221010184933-19-378632/resesi-mengancam-perhatikan-ini-kalau-mau-investasi,CNBC Indonesia,Ekonomi
Diproyeksi Akan Terjadi pada 2023 Apa Itu Resesi Global ,https://www.kompas.com/tren/read/2022/09/29/133000165/diproyeksi-akan-terjadi-pada-2023-apa-itu-resesi-global-?page=all,Kompas.com - KOMPAS.com,Ekonomi
Solo City Jazz 2022 Bertabur Musisi Besar Ada Deddy Dhukun hingga Andre Hehanusa ,https://seleb.tempo.co/read/1644964/solo-city-jazz-2022-bertabur-musisi-besar-ada-deddy-dhukun-hingga-andre-hehanusa,Seleb Tempo,Pariwisata
Resesi Global di Depan Mata Siapa Emiten Bank Besar yang Cetak Pertumbuhan Kredit Tertinggi ,https://finansial.bisnis.com/read/20221017/90/1588258/resesi-global-di-depan-mata-siapa-emiten-bank-besar-yang-cetak-pertumbuhan-kredit-tertinggi,Bisnis.com,Ekonomi
Tips Menghadapi Resesi Ekonomi yang Bisa Anak Muda Lakukan yang Anti,https://www.beautynesia.id/life/tips-menghadapi-resesi-ekonomi-yang-bisa-anak-muda-lakukan-yang-anti-menakut-nakuti-club/b-264053,beautynesia,Ekonomi
Video Viral Razia di Kawasan Wisata Bromo Ini Kata Pengelola ,https://www.kompas.com/tren/read/2022/07/07/072600065/video-viral-razia-di-kawasan-wisata-bromo-ini-kata-pengelola?page=all,Kompas.com - KOMPAS.com,Pariwisata
Dorong Pertumbuhan Ekonomi Nasional di Tengah Ancaman Resesi Global ,https://pontianakpost.jawapos.com/pro-bisnis/17/10/2022/dorong-pertumbuhan-ekonomi-nasional-di-tengah-ancaman-resesi-global/,Pontianak Post,Ekonomi
IMF Beri Sinyal Tanda Bahaya Dunia Gelap,https://www.cnbcindonesia.com/news/20221009122528-4-378280/imf-beri-sinyal-tanda-bahaya-dunia-gelap-resesi-di-mana-mana,CNBC Indonesia,Ekonomi
Wisata Gunung Bromo Tutup Total Saat Hari Raya Nyepi ,https://www.suarasurabaya.net/kelanakota/2022/wisata-gunung-bromo-tutup-total-saat-hari-raya-nyepi/,Suara Surabaya,Pariwisata
Status Semeru Naik ke Level 3 Bagaimana Wisata Gunung Bromo ,https://www.viva.co.id/berita/nasional/1432987-status-semeru-naik-ke-level-3-bagaimana-wisata-gunung-bromo,VIVA - VIVA.co.id,Pariwisata
Jazz Gunung Bromo Kesyahduan di Antara Kabut Tipis ,https://jatim.liputan6.com/read/5021462/jazz-gunung-bromo-kesyahduan-di-antara-kabut-tipis,Liputan6.com,Pariwisata
Wisata Gunung Bromo via Malang Buka Lagi Baru Satu Spot yang Bisa Dikunjungi ,https://travel.kompas.com/read/2021/11/05/140553927/wisata-gunung-bromo-via-malang-buka-lagi-baru-satu-spot-yang-bisa-dikunjungi?page=all,Kompas.com - Kompas.com,Pariwisata
Resesi Tak Cukup Dunia Perlu Amburadul Buat Kerek Harga Emas ,https://www.cnbcindonesia.com/market/20220929224439-17-376102/resesi-tak-cukup-dunia-perlu-amburadul-buat-kerek-harga-emas,CNBC Indonesia,Ekonomi
Syarat dan Ketentuan Wisata ke Gunung Bromo Saat Libur Tahun Baru ,https://travel.kompas.com/read/2021/12/28/143100727/syarat-dan-ketentuan-wisata-ke-gunung-bromo-saat-libur-tahun-baru?page=all,Kompas.com - Kompas.com,Pariwisata
Hadapi Resesi Global UMKM Harus Diperkuat ,https://money.kompas.com/read/2022/10/04/170500526/hadapi-resesi-global-umkm-harus-diperkuat,Kompas.com - Kompas.com,Ekonomi
Ancaman Resesi Global 2023 Indef Beberkan Sektor yang Akan Paling Terpukul ,https://bisnis.tempo.co/read/1638896/ancaman-resesi-global-2023-indef-beberkan-sektor-yang-akan-paling-terpukul,Bisnis Tempo.co,Ekonomi
Upaya Warga Suku Tengger Lestarikan Sumber Mata Air di Lereng Gunung Bromo ,https://surabaya.liputan6.com/read/5058492/upaya-warga-suku-tengger-lestarikan-sumber-mata-air-di-lereng-gunung-bromo,Liputan6.com,Pariwisata
Panorama Keindahan Alam di Gunung Bromo Tempat Wisata Populer di Jawa Timur ,https://memorandum.co.id/berwisata-di-gunung-bromo/,Memorandum,Pariwisata
Mau Wisata ke Gunung Bromo Ini Empat Pintu Masuk yang Bisa Dipilih ,https://www.murianews.com/2022/09/21/318875/mau-wisata-ke-gunung-bromo-ini-empat-pintu-masuk-yang-bisa-dipilih,MURIANEWS,Pariwisata
Bromo Tutup Selama Yadnya Kasada 16,https://travel.detik.com/travel-news/d-6118731/bromo-tutup-selama-yadnya-kasada-16-17-juni,detikTravel,Pariwisata
Cara Kelola Keuangan Saat Terjadi Resesi Ada Rahasianya ,https://www.cnbcindonesia.com/mymoney/20221014104052-72-379705/cara-kelola-keuangan-saat-terjadi-resesi-ada-rahasianya,CNBC Indonesia,Ekonomi
Harga minyak Asia naik tipis saat dolar melemah  kekhawatiran resesi ,https://www.antaranews.com/berita/3185605/harga-minyak-asia-naik-tipis-saat-dolar-melemah-kekhawatiran-resesi,ANTARA,Ekonomi
Resesi Hingga Inflasi Bawa Perfect Storm Ekonomi Global Ini Saran untuk Perbankan ,https://finansial.bisnis.com/read/20221016/90/1587939/resesi-hingga-inflasi-bawa-perfect-storm-ekonomi-global-ini-saran-untuk-perbankan,Bisnis.com,Ekonomi
6 Destinasi Wisata yang Bikin Kamu Makin Jatuh Cinta dengan Indonesia ,https://kumparan.com/kumparantravel/6-destinasi-wisata-yang-bikin-kamu-makin-jatuh-cinta-dengan-indonesia-1ylgJrI0yyj,kumparan.com - kumparan.com,Pariwisata
Hadapi Resesi dan Krisis Pangan Desa Harus Diperkuat ,https://www.liputan6.com/news/read/5099980/hadapi-resesi-dan-krisis-pangan-desa-harus-diperkuat,Liputan6.com,Ekonomi
Bromo via Lumajang Sensasi Lewat Hutan Lebat Gunung Semeru ,https://travel.kompas.com/read/2022/01/16/101000927/bromo-via-lumajang-sensasi-lewat-hutan-lebat-gunung-semeru?page=all,Kompas.com - Kompas.com,Pariwisata
Gunung Bromo jadi objek wisata ikonik dengan Suku Tengger ,https://megapolitan.antaranews.com/berita/208809/gunung-bromo-jadi-objek-wisata-ikonik-dengan-suku-tengger,ANTARA Megapolitan,Pariwisata
Deretan Negara Rasakan Gejala Resesi Ekonomi Termasuk Harga Makanan Naik Tajam  merdeka ,https://www.merdeka.com/uang/deretan-negara-rasakan-gejala-resesi-ekonomi-termasuk-harga-makanan-naik-tajam.html,Merdeka.com,Ekonomi
Pegunungan Rawan Badai dan Longsor Tutup Jalur Pendakian Arjuno,https://radarbromo.jawapos.com/daerah/pasuruan/16/10/2022/pegunungan-rawan-badai-dan-longsor-tutup-jalur-pendakian-arjuno-welirang/,Radar Bromo,Pariwisata
Ada yang disebut surganya dunia 7 wisata di Jawa Timur ini Jadi pilihan yang tepat untuk berburu sunrise ,https://www.agtvnews.com/wisata-hiburan/pr-585223273/ada-yang-disebut-surganya-dunia-7-wisata-di-jawa-timur-ini-jadi-pilihan-yang-tepat-untuk-berburu-sunrise,Agtv News - AGTV News,Pariwisata
Minta Naik Gaji Saat Resesi Bisa ,https://finance.detik.com/ekonomi-bisnis/d-6351883/minta-naik-gaji-saat-resesi-bisa,detikFinance,Ekonomi
4 Tanda AS Resesi 6 Bulan Lagi Indonesia Menyusul ,https://www.cnbcindonesia.com/market/20221011141900-17-378846/4-tanda-as-resesi-6-bulan-lagi-indonesia-menyusul,CNBC Indonesia,Ekonomi
Ratusan Pajero Turun ke Lautan Pasir Bromo TNBTS Evaluasi Perizinan ,https://www.detik.com/jatim/berita/d-6243847/ratusan-pajero-turun-ke-lautan-pasir-bromo-tnbts-evaluasi-perizinan,detikcom,Pariwisata
5 Tips ke Gunung Bromo via Malang Naik Sepeda Motor Awas Rem Blong ,https://travel.kompas.com/read/2022/02/05/131300927/5-tips-ke-gunung-bromo-via-malang-naik-sepeda-motor-awas-rem-blong?page=all,Kompas.com - Kompas.com,Pariwisata
Akses Jalan Desa di Kawasan Lereng Gunung Bromo Terputus Diterjang Longsor ,https://surabaya.liputan6.com/read/5089880/akses-jalan-desa-di-kawasan-lereng-gunung-bromo-terputus-diterjang-longsor,Liputan6.com,Pariwisata
Tak Terdampak Erupsi Semeru Wisata Bromo Masih Buka ,https://news.detik.com/berita-jawa-timur/d-5848619/tak-terdampak-erupsi-semeru-wisata-bromo-masih-buka,detikNews,Pariwisata
Update Tiket Masuk Bromo 2022 ,https://www.kompas.com/tren/read/2022/06/29/210000765/update-tiket-masuk-bromo-2022,Kompas.com - KOMPAS.com,Pariwisata
Harga Sewa Jip Wisata Bromo Naik Segini Tarifnya Sekarang ,https://www.detik.com/jatim/wisata/d-6312164/harga-sewa-jip-wisata-bromo-naik-segini-tarifnya-sekarang,detikcom,Pariwisata
Simak Pilihan Saham Defensif untuk Hadapi Ancaman Resesi Global ,https://investasi.kontan.co.id/news/simak-pilihan-saham-defensif-untuk-hadapi-ancaman-resesi-global,Investasi Kontan,Ekonomi
Benar Nggak Sih RI Bakal Resesi Tahun Depan ,https://finance.detik.com/berita-ekonomi-bisnis/d-6352852/benar-nggak-sih-ri-bakal-resesi-tahun-depan,detikFinance,Ekonomi
175 Ribu Pekerjaan per Bulan di AS Hilang Mulai 2023 Dampak Resesi ,https://www.cnnindonesia.com/ekonomi/20221011103537-92-858928/175-ribu-pekerjaan-per-bulan-di-as-hilang-mulai-2023-dampak-resesi,CNN Indonesia,Ekonomi
Ada Peluang Jadi Orang Kaya Baru setelah Resesi Begini Tips dari Robert Kiyosaki ,https://ekonomi.bisnis.com/read/20221017/9/1588321/ada-peluang-jadi-orang-kaya-baru-setelah-resesi-begini-tips-dari-robert-kiyosaki,Bisnis.com,Ekonomi
Buruh Tolak Ancaman PHK di Tengah Risiko Resesi ,https://www.cnnindonesia.com/ekonomi/20221017162535-92-861683/buruh-tolak-ancaman-phk-di-tengah-risiko-resesi,CNN Indonesia,Ekonomi
Legenda Gunung Bromo dan Suku Tengger Hingga Tradisi Kasada ,https://jatim.liputan6.com/read/5026291/legenda-gunung-bromo-dan-suku-tengger-hingga-tradisi-kasada,Liputan6.com,Pariwisata
6 Tips Backpacker,https://www.idntimes.com/travel/tips/umi-zakiah/tips-backpackeran-ke-gunung-bromo-c1c2,IDN Times,Pariwisata
Buruh Minta Pemerintah Stop Narasi Ancaman Resesi Global 2023 ,https://bisnis.tempo.co/read/1643689/buruh-minta-pemerintah-stop-narasi-ancaman-resesi-global-2023,Bisnis Tempo.co,Ekonomi
Indonesia Punya Modal Bisa Selamat dari Tekanan Resesi ,https://wartaekonomi.co.id/read452366/indonesia-punya-modal-bisa-selamat-dari-tekanan-resesi,Warta Ekonomi,Ekonomi
Hawa Resesi Terasa di Asia 2 Negara Ini Bisa Ambruk Duluan ,https://www.cnbcindonesia.com/news/20221009112246-4-378267/hawa-resesi-terasa-di-asia-2-negara-ini-bisa-ambruk-duluan,CNBC Indonesia,Ekonomi
Luhut Gunakan Istilah Perang Rakyat Semesta untuk Antisipasi Resesi Apa Artinya ,https://bisnis.tempo.co/read/1644394/luhut-gunakan-istilah-perang-rakyat-semesta-untuk-antisipasi-resesi-apa-artinya,Bisnis Tempo.co,Ekonomi
Gunung Bromo Menggeliat Wisatawan Asing Mulai Berkunjung ,https://radarbromo.jawapos.com/probolinggo/27/05/2022/gunung-bromo-menggeliat-wisatawan-asing-mulai-berkunjung/,Radar Bromo,Pariwisata
Indahnya Wisata Gunung Bromo Primadona Jatim yang Wajib Dikunjungi ,https://kumparan.com/jendela-dunia/indahnya-wisata-gunung-bromo-primadona-jatim-yang-wajib-dikunjungi-1xnJC34XAyS,kumparan.com - kumparan.com,Pariwisata
Pesona Gunung Bromo Saat InI Dan Kebijakan PPKM Dimata Pelaku Wisata InI Harapan Mereka ,https://kabarwarta.id/detailpost/pesona-gunung-bromo-saat-ini-dan-kebijakan-ppkm-dimata-pelaku-wisata-ini-harapan-mereka,Kabar Warta,Pariwisata
Harga Sewa Jip Wisata Bromo Naik Jadi Berapa Tarifnya ,https://travel.detik.com/travel-news/d-6320445/harga-sewa-jip-wisata-bromo-naik-jadi-berapa-tarifnya,detikTravel,Pariwisata
Skenario Terburuk Resesi 2023 Indonesia Bisa Selamat ,https://www.cnbcindonesia.com/news/20221014141424-4-379784/skenario-terburuk-resesi-2023-indonesia-bisa-selamat,CNBC Indonesia,Ekonomi
Ini dia daerah yang punya surga wisata alam di Pulau Jawa mulai gunung pantai hingga danau ,https://www.agtvnews.com/wisata-hiburan/pr-585228587/ini-dia-daerah-yang-punya-surga-wisata-alam-di-pulau-jawa-mulai-gunung-pantai-hingga-danau,Agtv News - AGTV News,Pariwisata
Arab Saudi dan OPEC Disebut Bakal Jadi Biang Kerok Resesi AS ,https://www.cnnindonesia.com/ekonomi/20221012125035-85-859511/arab-saudi-dan-opec-disebut-bakal-jadi-biang-kerok-resesi-as,CNN Indonesia,Ekonomi
Tak perlu jauh ke luar negeri 5 destinasi wisata populer di Jawa Timur ini bak di negara orang ,https://www.agtvnews.com/wisata-hiburan/pr-585220802/tak-perlu-jauh-ke-luar-negeri-5-destinasi-wisata-populer-di-jawa-timur-ini-bak-di-negara-orang,Agtv News - AGTV News,Pariwisata
6 Pilihan Aktivitas di Gunung Bromo untuk Dilakukan Bersama Sahabat ,https://kumparan.com/jendela-dunia/6-pilihan-aktivitas-di-gunung-bromo-untuk-dilakukan-bersama-sahabat-1ygs7NviorT,kumparan.com - kumparan.com,Pariwisata
Ingatkan Resesi Jokowi Tahun Depan Gelap Kita Tak Tahu Badai Besarnya seperti Apa ,https://nasional.kompas.com/read/2022/09/29/21384101/ingatkan-resesi-jokowi-tahun-depan-gelap-kita-tak-tahu-badai-besarnya,Kompas.com - Nasional Kompas.com,Ekonomi
Habis Resesi Terbitlah Stagflasi Bagaimana dengan Indonesia ,https://www.cnnindonesia.com/ekonomi/20220930070109-532-854516/habis-resesi-terbitlah-stagflasi-bagaimana-dengan-indonesia,CNN Indonesia,Ekonomi
Paket Wisata Bromo Malang 3 Hari 2 Malam dan Rekomendasi Tempat Wisatanya ,https://hot.liputan6.com/read/5077181/paket-wisata-bromo-malang-3-hari-2-malam-dan-rekomendasi-tempat-wisatanya,hot liputan6.com,Pariwisata
Berita Foto  Jaga Keindahan Petugas Kebersihan Kotoran Kuda Disiapkan di Gunung Bromo ,https://www.kliktimes.com/travel/pr-7294819453/berita-foto-jaga-keindahan-petugas-kebersihan-kotoran-kuda-disiapkan-di-gunung-bromo,Klik Times - Kliktimes,Pariwisata
Resesi di Depan Mata Ekonom Sarankan Sektor Ini Menerima Insentif Pajak Tahun Depan ,https://nasional.kontan.co.id/news/resesi-di-depan-mata-ekonom-sarankan-sektor-ini-menerima-insentif-pajak-tahun-depan,Internasional Kontan,Ekonomi
Jika China Resesi Ekonomi Indonesia Bakal Turun hingga 03 Persen ,https://ekonomi.bisnis.com/read/20221006/9/1584755/jika-china-resesi-ekonomi-indonesia-bakal-turun-hingga-03-persen,Bisnis.com,Ekonomi
Gunung Bromo dan Eksotisme Alam yang Tiada Dua ,https://www.detik.com/jatim/wisata/d-6141580/gunung-bromo-dan-eksotisme-alam-yang-tiada-dua,detikcom,Pariwisata
Pesona Gunung Bromo yang Wajib Dijadikan List Liburan Ketika ke Jawa Timur ,https://www.kompasiana.com/syakirafitriana6338/62920af6ce96e507820d11d2/pesona-gunung-bromo-yang-wajib-dijadiin-list-liburan-ketika-ke-jawa-timur,Kompasiana.com - Kompasiana.com,Pariwisata
G20 ancaman resesi global dan anomali zaman ,https://www.antaranews.com/berita/3185045/g20-ancaman-resesi-global-dan-anomali-zaman,ANTARA,Ekonomi
Banyak Negara Terancam Resesi Bos BRI Ungkap Kondisi RI Terkini ,https://finance.detik.com/berita-ekonomi-bisnis/d-6332781/banyak-negara-terancam-resesi-bos-bri-ungkap-kondisi-ri-terkini,detikFinance,Ekonomi
Resesi Ekonomi di Depan Mata Ini Pandangan Luhut ,https://wartaekonomi.co.id/read452470/resesi-ekonomi-di-depan-mata-ini-pandangan-luhut,Warta Ekonomi,Ekonomi
Gunung Bromo Buka Saat Tahun Baru Simak Harga Tiketnya ,https://travel.kompas.com/read/2021/12/28/090800327/gunung-bromo-buka-saat-tahun-baru-simak-harga-tiketnya,Kompas.com - Kompas.com,Pariwisata
Memanjakan Mata Gunung Bromo Wajib Masuk List Liburanmu ,https://www.kompasiana.com/callmelala/62a75233f5f329557d30e594/memanjakan-mata-gunung-bromo-wajib-masuk-list-liburanmu,Kompasiana.com - Kompasiana.com,Pariwisata
HUT Ke,https://travel.kompas.com/read/2022/08/15/183500827/hut-ke-77-ri-bendera-merah-putih-raksasa-dibentangkan-di-gunung-bromo,Kompas.com - Kompas.com,Pariwisata
Wisatawan Harus Tahu Ini Sederet Larangan di Gunung Bromo ,https://www.detik.com/jatim/wisata/d-6300364/wisatawan-harus-tahu-ini-sederet-larangan-di-gunung-bromo,detikcom,Pariwisata
Bisa Naik Kuda dan Mobil Jeep Ini Tiket Wisatawan Bromo 2022 ,https://www.timesindonesia.co.id/read/news/421051/bisa-naik-kuda-dan-mobil-jeep-ini-tiket-wisatawan-bromo-2022,TIMES Indonesia,Pariwisata
Mengubah Ikonis Gunung Bromo Menjadi Astrofotografi Kelas Dunia ,https://darilaut.id/berita/mengubah-ikonis-gunung-bromo-menjadi-astrofotografi-kelas-dunia,darilaut.id,Pariwisata
Akses wisata Gunung Bromo dari Malang tetap dibuka meski status PPKM naik ,https://jatim.antaranews.com/berita/576545/akses-wisata-gunung-bromo-dari-malang-tetap-dibuka-meski-status-ppkm-naik,ANTARA Jawa Timur,Pariwisata
10 Potret Keindahan Gunung Bromo Destinasi Eksotis di Jawa ,https://www.idntimes.com/travel/destination/zaffy-febryan/10-potret-keindahan-gunung-bromo-destinasi-eksotis-di-pulau-jawa,IDN Times,Pariwisata
Bahlil Indonesia perlu hati,https://www.antaranews.com/berita/3156793/bahlil-indonesia-perlu-hati-hati-hadapi-ancaman-resesi-global-2023,ANTARA,Ekonomi
Ancaman Resesi Makin Nyata Bagaimana Nasib Industri RI ,https://www.cnnindonesia.com/ekonomi/20221014064113-532-860366/ancaman-resesi-makin-nyata-bagaimana-nasib-industri-ri,CNN Indonesia,Ekonomi
Resesi Global Mengancam Ini Peluang Investasi yang Aman ,https://www.bareksa.com/berita/bareksa-navigator/2022-10-04/resesi-global-mengancam-ini-peluang-investasi-yang-aman,Bareksa.com,Ekonomi
Catat Rangkaian Agenda Yadnya Kasada di Gunung Bromo ,https://jatim.liputan6.com/read/4986576/catat-rangkaian-agenda-yadnya-kasada-di-gunung-bromo,Liputan6.com,Pariwisata
Influencer Tebar Horor Resesi Beneran atau Jualan ,https://finance.detik.com/berita-ekonomi-bisnis/d-6353863/influencer-tebar-horor-resesi-beneran-atau-jualan,detikFinance,Ekonomi
Ancaman Resesi 2023 Awas Dampak ke Indonesia ,https://www.liputan6.com/global/read/5089049/ancaman-resesi-2023-awas-dampak-ke-indonesia,Liputan6.com,Ekonomi
Terpopuler Bisnis Investasi Lebih Baik dari Menabung saat Resesi Inflasi Kuartal IV Tembus 7 Persen ,https://bisnis.tempo.co/read/1639909/terpopuler-bisnis-investasi-lebih-baik-dari-menabung-saat-resesi-inflasi-kuartal-iv-tembus-7-persen,Bisnis Tempo.co,Ekonomi
Wisata Gunung Bromo Tutup Selama 15,https://www.idntimes.com/travel/destination/fasrinisyah-suryaningtyas-1/wisata-gunung-bromo-tutup-selama-15-16-juni,IDN Times,Pariwisata
Beragam Upaya Kemenparekraf Antisipasi Ancaman Resesi 2023 ,https://travel.kompas.com/read/2022/10/18/060300927/beragam-upaya-kemenparekraf-antisipasi-ancaman-resesi-2023,Kompas.com - Kompas.com,Ekonomi
Dari Lereng Gunung Bromo Warga Berbondong,https://nasional.okezone.com/read/2022/10/03/337/2679408/dari-lereng-gunung-bromo-warga-berbondong-bondong-doakan-keselamatan-bangsa-prabowo-presiden-2024,Okezone News,Pariwisata
Membuka Skenario Terburuk Resesi 2023 RI Bisa Selamat Asal ,https://www.cnbcindonesia.com/news/20221018072506-4-380452/membuka-skenario-terburuk-resesi-2023-ri-bisa-selamat-asal,CNBC Indonesia,Ekonomi
Jokowi Turun Tangan Kereta Gantung Gunung Bromo Dikebut 2024 ,https://www.cnbcindonesia.com/news/20220513140521-4-338842/jokowi-turun-tangan-kereta-gantung-gunung-bromo-dikebut-2024,CNBC Indonesia,Pariwisata
Tangkis Ancaman Resesi dengan Emas untuk Diversifikasi Investasi ,https://www.bareksa.com/berita/emas/2022-10-07/tangkis-ancaman-resesi-dengan-emas-untuk-diversifikasi-investasi,Bareksa.com,Ekonomi
Ritel AS Terancam Bangkrut Tersapu Resesi 2023 ,https://www.cnnindonesia.com/ekonomi/20221014100438-92-860436/ritel-as-terancam-bangkrut-tersapu-resesi-2023,CNN Indonesia,Ekonomi
Dunia Gelap  Resesi di Depan Mata Ekonomi RI Kebal ,https://www.cnbcindonesia.com/news/20220921080240-4-373744/dunia-gelap-resesi-di-depan-mata-ekonomi-ri-kebal,CNBC Indonesia,Ekonomi
Meski Malang PPKM Level 3 Pelancong Tetap Bisa Berwisata ke Gunung Bromo ,https://jatim.liputan6.com/read/4889882/meski-malang-ppkm-level-3-pelancong-tetap-bisa-berwisata-ke-gunung-bromo,Liputan6.com,Pariwisata
Dunia di Bibir Jurang Resesi Lebih Ngeri dari 1998  2008 ,https://www.cnbcindonesia.com/news/20221001090436-4-376432/dunia-di-bibir-jurang-resesi-lebih-ngeri-dari-1998-2008,CNBC Indonesia,Ekonomi
5 Mencegah agar Tak Hilang atau Tersasar di Kawasan Gunung Bromo ,https://travel.kompas.com/read/2022/06/22/101400027/5-mencegah-agar-tak-hilang-atau-tersasar-di-kawasan-gunung-bromo?page=all,Kompas.com - Kompas.com,Pariwisata
Hadapi Resesi Global Legislator PKS Pemerintah Harus Prioritaskan UMKM ,https://pks.id/content/hadapi-resesi-global-legislator-pks-pemerintah-harus-prioritaskan-umkm,PKS.id,Ekonomi
Inflasi dan Resesi Global Bakal Dongkrak Jumlah Orang Miskin Atasi dengan Jurus Ini ,https://www.bareksa.com/berita/belajar-investasi/2022-10-06/inflasi-dan-resesi-global-bakal-dongkrak-jumlah-orang-miskin-atasi-dengan-jurus-ini,Bareksa.com,Ekonomi
8 Dari 10 CEO Berencana Kurangi SDM untuk Hadapi Resesi ,https://katadata.co.id/aryowidhywicaksono/finansial/634bb1b2daff1/8-dari-10-ceo-berencana-kurangi-sdm-untuk-hadapi-resesi,Katadata.co.id,Ekonomi
Bank  Investor Global Yakin AS Segera Resesi ,https://www.cnbcindonesia.com/news/20221011091710-8-378707/bank-investor-global-yakin-as-segera-resesi,CNBC Indonesia,Ekonomi
Termasuk Tempat Sakral Larangan yang Harus Dipatuhi di Gunung Bromo ,https://www.detik.com/jatim/wisata/d-6114257/termasuk-tempat-sakral-larangan-yang-harus-dipatuhi-di-gunung-bromo,detikcom,Pariwisata
8 Objek Wisata Bromo yang Wajib Kamu Kunjungi ,https://www.kompasiana.com/isti12782/629986c6d263455fcd3f8762/8-objek-wisata-bromo-yang-wajib-kamu-kunjungi,Kompasiana.com - Kompasiana.com,Pariwisata
Wisata Gunung Bromo Ditutup untuk Kendaraan Bermotor di Awal Wulan Kapitu ,https://news.detik.com/berita-jawa-timur/d-5881510/wisata-gunung-bromo-ditutup-untuk-kendaraan-bermotor-di-awal-wulan-kapitu,detikNews,Pariwisata
Begini Ngerinya Dunia Jika Resesi 2023 Menjadi Kenyataan ,https://www.cnbcindonesia.com/news/20221006064305-4-377572/begini-ngerinya-dunia-jika-resesi-2023-menjadi-kenyataan,CNBC Indonesia,Ekonomi
Piknik Lesehan di Bromo Sarapan Outdoor dengan Pemandangan Indah Gunung Bromo ,https://travel.kompas.com/read/2022/01/23/120100627/piknik-lesehan-di-bromo-sarapan-outdoor-dengan-pemandangan-indah-gunung-bromo?page=all,Kompas.com - Kompas.com,Pariwisata
Gunung Bromo Tutup Selama Nyepi Kemenag Jadi Momentum Kuatkan Persatuan ,https://radarsolo.jawapos.com/wisata-kuliner/05/07/2022/gunung-bromo-tutup-selama-nyepi-kemenag-jadi-momentum-kuatkan-persatuan/,Radar Solo,Pariwisata
Bromo Tetap Ramai Wisatawan Pasca Gunung Semeru Erupsi ,https://surabaya.liputan6.com/read/4730828/bromo-tetap-ramai-wisatawan-pasca-gunung-semeru-erupsi,Liputan6.com,Pariwisata
Harga Minyak Dunia Masih Fluktuatif Resesi Ekonomi Jadi Ancaman ,https://www.suara.com/bisnis/2022/10/18/084442/harga-minyak-dunia-masih-fluktuatif-resesi-ekonomi-jadi-ancaman,Suara.com,Ekonomi
Ancaman Resesi Ekonomi Dunia Jungkalkan Rupiah ke Rp15470 ,https://www.cnnindonesia.com/ekonomi/20221014203105-78-860806/ancaman-resesi-ekonomi-dunia-jungkalkan-rupiah-ke-rp15470,CNN Indonesia,Ekonomi
Ekonomi Turun 03 Inggris di Ambang Jurang Resesi ,https://finance.detik.com/berita-ekonomi-bisnis/d-6345214/ekonomi-turun-03-inggris-di-ambang-jurang-resesi,detikFinance,Ekonomi
Libur Nataru Wisata Gunung Bromo Tetap Dibuka dengan Pembatasan Kuota Pengunjung ,https://regional.kompas.com/read/2021/12/19/101100878/libur-nataru-wisata-gunung-bromo-tetap-dibuka-dengan-pembatasan-kuota?page=all,Kompas.com - Kompas.com,Pariwisata
Gunung Bromo Tempat Sakral Ada Larangan yang Harus Dipatuhi ,https://travel.detik.com/travel-news/d-6319174/gunung-bromo-tempat-sakral-ada-larangan-yang-harus-dipatuhi,detikTravel,Pariwisata
Nongkrong asyik dengan suasana dingin Cafe Lawang Sari Malang sajikan panorama hutan pinus di lereng Bromo ,https://www.agtvnews.com/wisata-hiburan/pr-585199668/nongkrong-asyik-dengan-suasana-dingin-cafe-lawang-sari-malang-sajikan-panorama-hutan-pinus-di-lereng-bromo,Agtv News - AGTV News,Pariwisata
ALFI Khawatir Pasokan Kontainer Terganggu Dampak Resesi Global ,https://ekonomi.bisnis.com/read/20221017/98/1588460/alfi-khawatir-pasokan-kontainer-terganggu-dampak-resesi-global,Bisnis.com,Ekonomi
Coban Jahe Wisata Alam Terjangkau di Malang  Jurnalpost ,https://jurnalpost.com/coban-jahe-wisata-alam-terjangkau-di-malang/38164/,Jurnalpost,Pariwisata
Airlangga Beberkan Cara RI Kejar Target Pemulihan Ekonomi di Tengah Ancaman Resesi 2023 ,https://bisnis.tempo.co/read/1646432/airlangga-beberkan-cara-ri-kejar-target-pemulihan-ekonomi-di-tengah-ancaman-resesi-2023,Bisnis Tempo.co,Ekonomi
Wisatawan di Gunung Bromo Dilarang Masuk Radius 1 Km dari Kawah Aktif Ada Apa ,https://travel.kompas.com/read/2021/12/07/160400627/wisatawan-di-gunung-bromo-dilarang-masuk-radius-1-km-dari-kawah-aktif-ada-apa,Kompas.com - Kompas.com,Pariwisata
Ditargetkan Desember 900 Jip Wisata Bromo Lulus Uji Kelaikan ,https://www.ngopibareng.id/read/ditargetkan-desember-900-jip-wisata-bromo-lulus-uji-kelaikan,Ngopibareng.id,Pariwisata
Pasir Berbisik Gunung Bromo ,https://www.kompasiana.com/elciakayisa5376/62cea0156e7f0148623f1652/pasir-berbisik-gunung-bromo,Kompasiana.com - Kompasiana.com,Pariwisata
Harga Tiket Masuk Terbaru Wisata Gunung Bromo via Probolinggo ,https://travel.kompas.com/read/2022/09/03/090900927/harga-tiket-masuk-terbaru-wisata-gunung-bromo-via-probolinggo,Kompas.com - Kompas.com,Pariwisata
Polres Akan Dirikan Pos Pamobvit di Gunung Bromo ,https://www.pantura7.com/2022/09/27/polres-akan-dirikan-pos-pamobvit-di-gunung-bromo/,PANTURA7.com,Pariwisata
Berapa Jumlah Anak Tangga yang Harus Dinaiki untuk Sampai ke Puncak Gunung Bromo ,https://travel.okezone.com/read/2022/07/16/406/2630617/berapa-jumlah-anak-tangga-yang-harus-dinaiki-untuk-sampai-ke-puncak-gunung-bromo,Okezone Travel,Pariwisata
Resesi Mengintai 2023 Apa yang Harus Disiapkan Startup ,https://uzone.id/resesi-mengintai-2023-apa-yang-harus-disiapkan-startup-,Uzone Indonesia,Ekonomi
Kemarin transformasi BUMN hingga optimisme RI selamat dari resesi ,https://www.antaranews.com/berita/3185433/kemarin-transformasi-bumn-hingga-optimisme-ri-selamat-dari-resesi,ANTARA,Ekonomi
Daftar Negara yang Terancam Resesi pada 2023 ,https://www.cnnindonesia.com/ekonomi/20221005180752-532-856801/daftar-negara-yang-terancam-resesi-pada-2023,CNN Indonesia,Ekonomi
DAMRI Sediakan HiACe dari Malang ke Gunung Bromo Tarifnya Rp 30000 ,https://otomotif.kompas.com/read/2022/05/27/150100215/damri-sediakan-hiace-dari-malang-ke-gunung-bromo-tarifnya-rp-30.000?page=all,Kompas.com - Otomotif Kompas.com,Pariwisata
Cegah Kecelakaan di Gunung Bromo Polres Probolinggo Akan Periksa Kelayakan Jip Wisata ,https://surabaya.kompas.com/read/2022/09/20/224713978/cegah-kecelakaan-di-gunung-bromo-polres-probolinggo-akan-periksa-kelayakan?page=all,Kompas.com - Kompas.com,Pariwisata
4 Pilar Ketahanan Pangan di Tengah Ancaman Resesi 2023 ,https://www.kompasiana.com/achmadirfan5199/634c1d46075df217aa215222/4-pilar-ketahanan-pangan-di-tengah-ancaman-resesi-2023,Kompasiana.com - Kompasiana.com,Ekonomi
Inflasi Amerika Susah Turun Resesi Bakal Panjang dan Parah ,https://www.cnbcindonesia.com/market/20221013142649-17-379491/inflasi-amerika-susah-turun-resesi-bakal-panjang-dan-parah,CNBC Indonesia,Ekonomi
Apa yang Terjadi Saat Dunia Resesi Ini Gambaran Lengkapnya ,https://www.cnbcindonesia.com/news/20221007095646-4-377949/apa-yang-terjadi-saat-dunia-resesi-ini-gambaran-lengkapnya,CNBC Indonesia,Ekonomi
Kemenkeu  Optimisme Ekonomi RI di Tengah Resesi ,https://www.cnbcindonesia.com/market/20221014134042-19-379770/kemenkeu-optimisme-ekonomi-ri-di-tengah-resesi,CNBC Indonesia,Ekonomi
Dibayangi Resesi Pemerintah Tetap Pede Gaet Investor di IKN ,https://ekonomi.bisnis.com/read/20221017/45/1588341/dibayangi-resesi-pemerintah-tetap-pede-gaet-investor-di-ikn,Bisnis.com,Ekonomi
Amit,https://www.cnbcindonesia.com/news/20221009161431-4-378308/amit-amit-resesi-bisa-jadi-begini-nasib-ri,CNBC Indonesia,Ekonomi
Ada Ancaman Resesi Dunia 2023 RI Akan Andalkan Ini ,https://www.cnbcindonesia.com/news/20221017154958-4-380332/ada-ancaman-resesi-dunia-2023-ri-akan-andalkan-ini,CNBC Indonesia,Ekonomi
5 Tempat Makan Keluarga di Sekitar Gunung Bromo Pemandangan Indah ,https://www.kompas.com/food/read/2022/06/11/081200675/5-tempat-makan-keluarga-di-sekitar-gunung-bromo-pemandangan-indah?page=all,Kompas.com - KOMPAS.com,Pariwisata
Sultra dan Ancaman Resesi Dunia Ini Kiat Ali Mazi ,https://kendarinews.com/2022/10/18/sultra-dan-ancaman-resesi-dunia-ini-kiat-ali-mazi/,Kendari News,Ekonomi
Seluruh Pintu Masuk Kawasan Gunung Bromo Dibuka Lagi ,https://www.cnnindonesia.com/gaya-hidup/20211201093044-269-728267/seluruh-pintu-masuk-kawasan-gunung-bromo-dibuka-lagi,CNN Indonesia,Pariwisata
Tak Perlu ke Timur Tengah 5 Wisata Gurun Ini Ada di Indonesia ,https://www.cnnindonesia.com/gaya-hidup/20220926141123-269-852766/tak-perlu-ke-timur-tengah-5-wisata-gurun-ini-ada-di-indonesia,CNN Indonesia,Pariwisata
Peneliti ITK Beberkan Tipe Letusan Gunung Api Bromo ,https://www.kompas.com/edu/read/2022/06/14/123920871/peneliti-itk-beberkan-tipe-letusan-gunung-api-bromo?page=all,Kompas.com - KOMPAS.com,Pariwisata
Winter is Coming Resesi Baru Tahun Depan Pendapatan Raksasa Teknologi Sudah Rontok Duluan ,https://selular.id/2022/10/winter-is-coming-resesi-baru-tahun-depan-pendapatan-raksasa-teknologi-sudah-rontok-duluan/,Selular.ID,Ekonomi
7 Film Luar Negeri yang Syuting di Indonesia ,https://www.cnnindonesia.com/hiburan/20221004111912-225-856082/7-film-luar-negeri-yang-syuting-di-indonesia,CNN Indonesia,Pariwisata
Candi Jago Bangunan untuk Memuja Dewa Buddha yang Berada di Lembah Gunung Bromo ,https://www.murianews.com/2022/10/13/324559/candi-jago-bangunan-untuk-memuja-dewa-buddha-yang-berada-di-lembah-gunung-bromo,MURIANEWS,Pariwisata
Heboh Tagihan Ambil Foto di Gunung Bromo Rp1 Juta Ternyata Begini Ketentuan Tarif dan Booking ,https://www.dream.co.id/stories/heboh-tagihan-ambil-foto-di-gunung-bromo-rp1-juta-ternyata-begini-ketentuan-tarifnya-220607i.html,Dream.co.id,Pariwisata
Antisipasi Resesi Ekonomi Bupati Bandung Targetkan 35000 Lapangan Pekerjaan ,https://bandung.kompas.com/read/2022/10/17/191453978/antisipasi-resesi-ekonomi-bupati-bandung-targetkan-35000-lapangan-pekerjaan,Kompas.com - Kompas.com,Ekonomi
Resesi Global Jokowi Semua Negara Bisa Terlempar Kapan Saja ,https://ekonomi.bisnis.com/read/20221011/9/1586262/resesi-global-jokowi-semua-negara-bisa-terlempar-kapan-saja,Bisnis.com,Ekonomi
Gunung Bromo Tutup Saat Yadnya Kasada Bisa Kunjungi 5 Wisata Ini ,https://travel.kompas.com/read/2022/06/04/200800927/gunung-bromo-tutup-saat-yadnya-kasada-bisa-kunjungi-5-wisata-ini?page=all,Kompas.com - Kompas.com,Pariwisata
Apa Itu Resesi dan Depresi Ekonomi Perlukah Indonesia Khawatir ,https://ekonomi.bisnis.com/read/20221017/9/1588133/apa-itu-resesi-dan-depresi-ekonomi-perlukah-indonesia-khawatir,Bisnis.com,Ekonomi
BI Was,https://www.cnnindonesia.com/ekonomi/20221002101621-532-855256/bi-was-was-resesi-global-kembali-hantam-bali,CNN Indonesia,Ekonomi
Erick Thohir Indonesia Tidak Akan Terkena Resesi 2023 ,https://bisnis.tempo.co/read/1644141/erick-thohir-indonesia-tidak-akan-terkena-resesi-2023,Bisnis Tempo.co,Ekonomi
Meneropong Prospek IPO di Tengah Bayangan Resesi ,https://www.liputan6.com/saham/read/5099890/meneropong-prospek-ipo-di-tengah-bayangan-resesi,Liputan6.com,Ekonomi
Ada Loh Negara Lolos dari Badai Resesi Ini Daftarnya ,https://www.cnbcindonesia.com/news/20220930065013-4-376134/ada-loh-negara-lolos-dari-badai-resesi-ini-daftarnya,CNBC Indonesia,Ekonomi
Resesi Global di Depan Mata Instrumen Investasi Apa yang Aman ,https://bisnis.tempo.co/read/1646273/resesi-global-di-depan-mata-instrumen-investasi-apa-yang-aman,Bisnis Tempo.co,Ekonomi
Penjelasan BI soal Video Viral Anggrek Biru Drama Korea Little Women di Uang Rupiah Baru ,https://www.kompas.com/tren/read/2022/10/08/102900265/penjelasan-bi-soal-video-viral-anggrek-biru-drama-korea-little-women-di?page=all,Kompas.com - KOMPAS.com,Pariwisata
4 Pintu Masuk Wisata Gunung Bromo Jangan Sampai Salah Lokasi ,https://travel.kompas.com/read/2022/01/10/080800127/4-pintu-masuk-wisata-gunung-bromo-jangan-sampai-salah-lokasi?page=all,Kompas.com - Kompas.com,Pariwisata
Fenomena Cash is The King di Era Resesi Aman Nggak Sih ,https://www.cnbcindonesia.com/investment/20220929083300-21-375808/fenomena-cash-is-the-king-di-era-resesi-aman-nggak-sih,CNBC Indonesia,Ekonomi
Resesi Apakah kondisi keuangan Amerika Serikat sedang merosot ,https://www.bbc.com/indonesia/articles/cjm28gdz0m0o,BBC News Indonesia,Ekonomi
Wah Eropa  Inggris Resesi Berjamaah Tahun Ini Nasib RI ,https://www.cnbcindonesia.com/news/20221005165635-4-377479/wah-eropa-inggris-resesi-berjamaah-tahun-ini-nasib-ri,CNBC Indonesia,Ekonomi
Terkini Tanggapan Gojek hingga Grab soal Bisnis Gagal Ojol Dampak Resesi Global ke RI ,https://bisnis.tempo.co/read/1645855/terkini-tanggapan-gojek-hingga-grab-soal-bisnis-gagal-ojol-dampak-resesi-global-ke-ri,Bisnis Tempo.co,Ekonomi
Gunung Bromo Salah Satu Kekayaan Alam dan Keragaman Budaya Di Indonesia ,https://www.kompasiana.com/abinas/62a3913afca4e479383ca0b2/gunung-bromo-kekayaan-alam-dan-keragaman-budaya-di-indonesia,Kompasiana.com - Kompasiana.com,Pariwisata
Mobil Jip Kecelakaan di Gunung Bromo Masuk Jurang ,https://www.republika.co.id/berita/rhzz3q382/mobil-jip-kecelakaan-di-gunung-bromo-masuk-jurang,Republika Online,Pariwisata
6 Wisata Sekitar Gunung Bromo Ada Air Terjun Tertinggi di Jawa ,https://travel.kompas.com/read/2022/01/25/130100427/6-wisata-sekitar-gunung-bromo-ada-air-terjun-tertinggi-di-jawa?page=all,Kompas.com - Kompas.com,Pariwisata
Ribuan Kendaraan Serbu Gunung Bromo Demi Lihat Matahari Terbit ,https://www.cnnindonesia.com/nasional/20220508164716-20-794223/ribuan-kendaraan-serbu-gunung-bromo-demi-lihat-matahari-terbit,CNN Indonesia,Pariwisata
Tiket Masuk Wisata Bromo Harus Dipesan secara Online Begini Caranya ,https://surabaya.kompas.com/read/2022/09/11/200909278/tiket-masuk-wisata-bromo-harus-dipesan-secara-online-begini-caranya,Kompas.com - Kompas.com,Pariwisata
4 Pintu Masuk ke Gunung Bromo Ketahui Sebelum Datang ,https://travel.kompas.com/read/2022/09/18/151642027/4-pintu-masuk-ke-gunung-bromo-ketahui-sebelum-datang?page=all,Kompas.com - Kompas.com,Pariwisata
Sinyal Resesi Makin Dekat Surplus Neraca Dagang Mulai Menyusut ,https://katadata.co.id/yuliawati/finansial/634d5671dd3d4/sinyal-resesi-makin-dekat-surplus-neraca-dagang-mulai-menyusut,Katadata.co.id,Ekonomi
Bukit Teletubbies Bromo Pesona Permadani Hijau yang Sejukkan Mata ,https://surabaya.kompas.com/read/2022/09/10/221135478/bukit-teletubbies-bromo-pesona-permadani-hijau-yang-sejukkan-mata?page=all,Kompas.com - Kompas.com,Pariwisata
Sektor Usaha Anti,https://koran.tempo.co/read/ekonomi-dan-bisnis/477302/apa-saja-jenis-bisnis-yang-tahan-resesi-ekonomi,Koran Tempo,Ekonomi
Asal,https://www.detik.com/jatim/budaya/d-6344376/asal-usul-nama-pasuruan-yang-konon-ada-hubungannya-dengan-sirih,detikcom,Pariwisata
Investment Outlook Ekonomi Masih Bertumbuh Indonesia Bisa Bebas Resesi ,https://www.finansialku.com/investment-outlook-ekonomi-masih-bertumbuh-indonesia-bisa-bebas-resesi-22101705/,Finansialku,Ekonomi
Menelusuri Kawah Purba Gunung Bromo ,https://www.mongabay.co.id/2022/08/18/menelusuri-kawah-purba-gunung-bromo/,Mongabay.co.id - Mongabay.co.id,Pariwisata
Viral Unggahan Ambil Foto di Bromo Dikenakan Biaya Rp 1 Juta KLHK Beri Penjelasan ,https://www.kompas.com/tren/read/2022/06/07/095902665/viral-unggahan-ambil-foto-di-bromo-dikenakan-biaya-rp-1-juta-klhk-beri?page=all,Kompas.com - KOMPAS.com,Pariwisata
Ratusan Wisatawan Sudah Pesan Tiket Tahun Baru di Gunung Bromo  merdeka ,https://www.merdeka.com/peristiwa/ratusan-wisatawan-sudah-pesan-tiket-tahun-baru-di-gunung-bromo.html,Merdeka.com,Pariwisata
Resesi Makin Terdengar Bursa Asia Ditutup Berjatuhan ,https://www.cnbcindonesia.com/market/20221013161955-17-379558/resesi-makin-terdengar-bursa-asia-ditutup-berjatuhan,CNBC Indonesia,Ekonomi
Keindahan Gunung Bromo Bisa Dinikmati di Uang Baru Rp 5 Ribu ,https://www.detik.com/jatim/wisata/d-6241114/keindahan-gunung-bromo-bisa-dinikmati-di-uang-baru-rp-5-ribu,detikcom,Pariwisata
Fenomena Embun Es bak Salju Magnet Wisata Lain Gunung Bromo ,https://www.cnnindonesia.com/gaya-hidup/20220728120630-269-827289/fenomena-embun-es-bak-salju-magnet-wisata-lain-gunung-bromo,CNN Indonesia,Pariwisata
Stagflasi Lebih Ngeri dari Resesi Warga RI Perlu Siapkan Ini ,https://www.cnbcindonesia.com/market/20221004093819-17-376993/stagflasi-lebih-ngeri-dari-resesi-warga-ri-perlu-siapkan-ini,CNBC Indonesia,Ekonomi
Cegah perubahan iklim Pemkot Probolinggo gerakkan konservasi mangrove ,https://jatim.antaranews.com/berita/644269/cegah-perubahan-iklim-pemkot-probolinggo-gerakkan-konservasi-mangrove,ANTARA Jawa Timur,Pariwisata
Resesi Global dan Pilihan Kebijakan ,https://www.kompas.id/baca/opini/2022/10/10/resesi-global-dan-pilihan-kebijakan,kompas.id,Ekonomi
